query_id,bucket,literal,ignorecase,nmoe,nanos,pattern
905,h-case-insensitive,false,true,5386,28876524709,QAM|hess
971,h-case-insensitive,true,true,45,25502470125,skims
897,h-case-insensitive,false,true,293,19692795542,LinesView|Computes
712,g-regex,false,false,87,16808649831,\b(Snow|ivate)\b
978,h-case-insensitive,true,true,3,15804597957,useSETSID
899,h-case-insensitive,true,true,2640,15700089917,MSK
986,i-unicode,false,false,250,15613846667,\p{Greek}
721,g-regex,false,false,63,15224272958,\b(mechanically|bity)\b
718,g-regex,false,false,343,14700634001,\b(czBhOc|pascal)\b
723,g-regex,false,false,111,14078408791,\b(strew|Macedonia)\b
720,g-regex,false,false,7,12983801209,\b(mBAAbA|aguantar)\b
715,g-regex,false,false,134,12755291707,\b(Yellow|blundering)\b
708,g-regex,false,false,17,12578841583,\b(IAAKH|bairn)\b
704,g-regex,false,false,2864280,12538171834,[0-9][0-9][0-9][0-9]
705,g-regex,false,false,2,12392619417,\b(Agende|kVqlMPATv)\b
710,g-regex,false,false,134,12352267665,\b(IRepository|participants)\b
714,g-regex,false,false,104,12316015792,\b(Warns|QueryList)\b
716,g-regex,false,false,13,12242218709,\b(acridotheres|CARETTRIM)\b
985,i-unicode,false,false,201,11993332374,[α-ω]+
719,g-regex,false,false,37,11877808418,\b(krone|Bii)\b
984,i-unicode,false,false,74396,11829386084,[é-ü]
707,g-regex,false,false,6,11670664750,\b(GAAMU|cenoslos)\b
921,h-case-insensitive,false,true,4470,10135663250,admittable|shark
711,g-regex,false,false,39,9815266166,\b(LineColor|QALlB)\b
871,h-case-insensitive,false,true,14,8602867418,Abklatsch|CAACoC
717,g-regex,false,false,8,8402131625,\b(cbArrow|EeZ)\b
907,h-case-insensitive,false,true,21,8093237499,Razavi|itemAnswer
724,g-regex,false,false,10,7973490123,\b(totalGotNoNJ|KApIF)\b
969,h-case-insensitive,false,true,10,7794322250,safariextz|conrols
964,h-case-insensitive,false,true,689,7750469790,refreshtoken|strumae
722,g-regex,false,false,8,7666859792,\b(nbpkg|ITestRunner)\b
713,g-regex,false,false,6,7573821541,\b(UploadFailed|OAAQpZ)\b
709,g-regex,false,false,14,7377456125,\b(IAExB|wdrpDomains)\b
946,h-case-insensitive,false,true,8,7212838124,handlerKey|aforarse
917,h-case-insensitive,false,true,11,7195129749,accdc|scurvier
957,h-case-insensitive,false,true,4,7085729583,nElapsed|CADcwF
872,h-case-insensitive,false,true,29,7050590791,Abstauber|construit
979,h-case-insensitive,false,true,29,6721349458,whichDoms|getRepeat
954,h-case-insensitive,false,true,54,6643272875,mockRegistry|nestedBtn
889,h-case-insensitive,false,true,5,6492646793,GAAmBvN|GACpEqzB
900,h-case-insensitive,false,true,124,6346378667,MemberInfo|IAAOzG
949,h-case-insensitive,false,true,84,6254275916,hmmss|anamorphic
885,h-case-insensitive,false,true,5,6153284832,EjEkuOzE|KACjBka
980,h-case-insensitive,false,true,11,5810865666,whichDoms|zeroResults
930,h-case-insensitive,false,true,1197,5756959583,becoming|Mwaro
879,h-case-insensitive,false,true,33520,5748697749,Corp|UACjBpF
919,h-case-insensitive,false,true,60,5715678500,addPane|EAAhB
963,h-case-insensitive,false,true,8,5609622375,pushMainArea|Blinkdarm
942,h-case-insensitive,false,true,20,5539845708,grumpily|fullListTime
943,h-case-insensitive,false,true,946,5490854667,guese|hzeit
970,h-case-insensitive,true,true,40,5259428833,setTabSize
909,h-case-insensitive,false,true,72219,5144437249,SAEjBsc|CLR
962,h-case-insensitive,false,true,8,4911438165,primaryView|CACTjV
890,h-case-insensitive,false,true,101,4891145792,GACrByK|bfunston
925,h-case-insensitive,true,true,3224,4675307249,atelier
922,h-case-insensitive,false,true,8,4543240333,ajustable|iEACgHA
873,h-case-insensitive,true,true,40,4499474249,AllBackorders
882,h-case-insensitive,false,true,7,4294440751,EACRhG|UAHyB
883,h-case-insensitive,true,true,10245,4159915917,EACTI
895,h-case-insensitive,true,true,33,4111486208,IsTemporary
927,h-case-insensitive,false,true,58,4106453335,avowal|hrnew
886,h-case-insensitive,true,true,2,4065242041,Estrelleta
936,h-case-insensitive,true,true,5,4059278250,configurado
975,h-case-insensitive,true,true,138,4014625499,thinner
959,h-case-insensitive,true,true,1868,3877681832,odar
901,h-case-insensitive,true,true,411861,3758102331,NULL
874,h-case-insensitive,true,true,54,3709528792,AuthenticationOptions
908,h-case-insensitive,true,true,277887,3707202749,Return
878,h-case-insensitive,true,true,176382,3647759957,Class
576,e-sub-trigram,true,false,3709206,3622423916,es
877,h-case-insensitive,true,true,75,3609751500,CacheSize
926,h-case-insensitive,true,true,13,3594911458,autoRenewOption
967,h-case-insensitive,true,true,1512,3562141292,rouge
893,h-case-insensitive,true,true,5233,3542460167,Grep
911,h-case-insensitive,true,true,6,3504730208,Tachov
923,h-case-insensitive,true,true,48,3388682459,alopex
896,h-case-insensitive,true,true,387,3362377084,LastDay
939,h-case-insensitive,true,true,9,3352498084,fallocate
881,h-case-insensitive,true,true,8,3347449166,EAASqD
974,h-case-insensitive,true,true,69395,3315498044,tep
958,h-case-insensitive,true,true,8,3227861250,numpadclear
945,h-case-insensitive,true,true,23,3174734876,handleBlur
884,h-case-insensitive,true,true,20,3169822875,EACdA
966,h-case-insensitive,true,true,8,3156859960,regoperatorsend
918,h-case-insensitive,true,true,289,3144921293,acuity
574,e-sub-trigram,true,false,2989586,3105697917,al
924,h-case-insensitive,true,true,65,3074292710,androgynous
934,h-case-insensitive,true,true,9,2971332875,closeAllGroups
584,e-sub-trigram,true,false,3276870,2958077960,st
903,h-case-insensitive,true,true,8,2952999834,ProxyRemoteMatch
977,h-case-insensitive,true,true,3252,2929943126,unar
892,h-case-insensitive,true,true,12,2912232708,GetRemoteAuctionDetails
952,h-case-insensitive,true,true,24,2850291708,llReleaseURL
968,h-case-insensitive,true,true,9,2803829085,rseguy
929,h-case-insensitive,true,true,1631,2785063709,beaver
902,h-case-insensitive,true,true,157661,2761940875,PUBLIC
549,e-sub-trigram,true,false,2736587,2758531127,;
920,h-case-insensitive,true,true,65,2697417876,adminEmail
888,h-case-insensitive,true,true,28,2631627248,GAAQD
947,h-case-insensitive,true,true,2,2624536626,hashGetSpy
887,h-case-insensitive,true,true,13,2620885168,FlushFinalBlock
544,e-sub-trigram,true,false,3196348,2616864999,","
935,h-case-insensitive,true,true,16,2484297002,cmKeyToVimKey
932,h-case-insensitive,true,true,20,2470659376,cardiomegaly
583,e-sub-trigram,true,false,2432979,2421816415,se
876,h-case-insensitive,true,true,19,2395518915,CBaesg
948,h-case-insensitive,true,true,87,2387053584,headlong
572,e-sub-trigram,true,false,1775460,2263190833,ac
965,h-case-insensitive,true,true,9,2258172792,regProduct
684,g-regex,false,false,50264,2245275666,OAEtBW|ems|negated
955,h-case-insensitive,true,true,59,2240939083,muzzy
912,h-case-insensitive,true,true,1,2179115498,XRANGEPLAIN
683,g-regex,false,false,11342,2110302416,OAAiB|gaselos|camp
950,h-case-insensitive,true,true,8,2104787502,lbtiPendingLock
973,h-case-insensitive,true,true,32,2092996791,tcdf
972,h-case-insensitive,true,true,2,2061042125,stop2224
875,h-case-insensitive,true,true,805,2056538333,BhC
951,h-case-insensitive,true,true,3,2052146917,linearGradient4480
891,h-case-insensitive,true,true,10,2049080958,GAEpDI
898,h-case-insensitive,true,true,6,2027413458,MAAMvB
933,h-case-insensitive,true,true,94,1996717166,checkoutV2Domain
880,h-case-insensitive,true,true,12,1982585917,DuoMFA
573,e-sub-trigram,true,false,1180028,1972089167,ad
580,e-sub-trigram,true,false,1330399,1954084500,na
673,g-regex,false,false,147,1927739375,IAAIY|simulator|Bedingungs
819,g-regex,false,false,441140,1925277666,i.es
575,e-sub-trigram,true,false,1288061,1888685584,ca
910,h-case-insensitive,true,true,90,1858808873,SyntheticEvent
797,g-regex,false,false,2032,1771388625,cALxCnB|latu|EAAKukB
801,g-regex,false,false,1748,1767382375,consulting|adquirente|doto
906,h-case-insensitive,true,true,36,1761461625,Qpress
843,g-regex,false,false,98973,1739440500,para|Adan|Landes
941,h-case-insensitive,true,true,2,1725794708,fname4
681,g-regex,false,false,832,1706879167,MAAQoL|acomode|sideA
904,h-case-insensitive,true,true,3,1694873291,QACCpiB
850,g-regex,false,false,235,1604328916,rsqrps|corniest|Delimiter
640,g-regex,false,false,957,1592248417,Asyl|palette|texi
670,g-regex,false,false,397,1503872749,GAAYxO|rodent|cAMf
866,g-regex,false,false,86,1457931291,writingrules|spiritless|outsenses
641,g-regex,false,false,133,1454761125,Ataturk|Diaphragma|isind
686,g-regex,false,false,35,1431611751,QAAJ|sluggishly|agotan
740,g-regex,false,false,8,1380072584,\bcifie\b
642,g-regex,false,false,19947,1312668750,Becker|turkey|babe
825,g-regex,false,false,350,1312204083,jails|carcinomata|herLe
796,g-regex,false,false,207,1292029165,c.eater
809,g-regex,false,false,768,1284059167,eric$
869,g-regex,false,false,231,1260991668,ziehen|ranunculi|spiritedly
550,e-sub-trigram,true,false,726461,1243037084,</
548,e-sub-trigram,true,false,770017,1232248706,::
578,e-sub-trigram,true,false,16542,1229528293,iw
844,g-regex,false,false,270,1223172042,parentValue|crockford|OptionDecl
812,g-regex,false,false,77,1192910249,expandRefs|RIDL|Chanel
833,g-regex,false,false,9,1192845125,mBACLC|Appending|ctsToken
581,e-sub-trigram,true,false,99972,1182378460,oD
651,g-regex,false,false,528,1170759207,E.sh
823,g-regex,false,false,16,1168075166,invidiously|GAsBF|Ansgar
563,e-sub-trigram,true,false,838195,1127046792,In
660,g-regex,false,false,329,1123581876,EACXd|Tristan|showInLegend
555,e-sub-trigram,true,false,987586,1121049207,@
805,g-regex,false,false,446,1083754832,e.ergent
860,g-regex,false,false,1124,1080517458,toLi|IAAIyB|Ausma
541,e-sub-trigram,true,false,437463,1063205541,()
982,h-case-insensitive,true,true,94,1060044457,zM160
671,g-regex,false,false,466,1056191083,GAkGvBE|IGateway|lastContext
808,g-regex,false,false,5,1040925126,elastic$
653,g-regex,false,false,568,1039897543,EAAGzZ|Analen|TIMES
559,e-sub-trigram,true,false,739359,1035211168,Ca
744,g-regex,false,false,408,1016229040,\bindices\b
822,g-regex,false,false,16,1015312210,iese$
786,g-regex,false,false,131,993914458,abrazador|WRITETEXT|Burnham
643,g-regex,false,false,0,983507042,Broadcast.*abisinio
827,g-regex,false,false,1192,978019209,l.ield
557,e-sub-trigram,true,false,402562,971152292,Be
981,h-case-insensitive,true,true,2,952081501,ygVQE1olpn4Wk6k
552,e-sub-trigram,true,false,252851,945465083,==
745,g-regex,false,false,8,945070333,\bitemLabel\b
634,g-regex,false,false,4077,942287250,0x[0-9a-fA-F]+
749,g-regex,false,false,4064,924689293,\bshop\b
845,g-regex,false,false,170,924323624,pbd|yBAAyBgL|CACxBE
582,e-sub-trigram,true,false,157699,920236293,p_
579,e-sub-trigram,true,false,33394,905174250,mt
543,e-sub-trigram,true,false,184323,904342666,*/
663,g-regex,false,false,2733,897466210,EventEmitter|PrepareCSS|KAAKoS
782,g-regex,false,false,260,896833749,a.eban
546,e-sub-trigram,true,false,180299,896091000,/*
832,g-regex,false,false,30,880212834,m.rtified
863,g-regex,false,false,45811,875030208,v[0-9]+
547,e-sub-trigram,true,false,106766,872195416,/>
816,g-regex,false,false,118,862917168,gsub|MinCssFiles|InstallUrl
696,g-regex,false,false,2566,862534791,Suspend|Ausrutscher|EAAWjD
545,e-sub-trigram,true,false,75001,850921123,->
539,e-sub-trigram,true,false,492608,844917417,#
768,g-regex,false,false,122,841647041,^[\t ]*asm
791,g-regex,false,false,0,833275585,autoreply$
783,g-regex,false,false,41,827931207,a.eraceae
553,e-sub-trigram,true,false,76309,826128709,=>
743,g-regex,false,false,1,824515167,\bicieses\b
577,e-sub-trigram,true,false,1640,822786126,fZ
784,g-regex,false,false,19,822057625,a.ericium
556,e-sub-trigram,true,false,186331,815510125,Au
739,g-regex,false,false,119,803884417,\bcacti\b
767,g-regex,false,false,12,799913042,^[\t ]*arbiter
560,e-sub-trigram,true,false,43721,797667209,EA
841,g-regex,false,false,1,791668126,overfed$
781,g-regex,false,false,1,786402791,a.ansador
852,g-regex,false,false,4,778727999,s.antwitter
831,g-regex,false,false,118,776696167,m.gger
540,e-sub-trigram,true,false,116462,771009374,&&
585,e-sub-trigram,true,false,50249,765442917,zm
538,e-sub-trigram,true,false,85298,760176915,!=
916,h-case-insensitive,true,true,43,759241626,a595
587,e-sub-trigram,true,false,128988,758525459,||
867,g-regex,false,false,1,757998373,yak.*raving
558,e-sub-trigram,true,false,63881,752103708,CA
777,g-regex,false,false,0,748844207,^[\t ]*outsw
497,d-metachar-literal,true,false,75788,746041792,\n
657,g-regex,false,false,9,745310002,EAAWsB|MAAMoJ|GAAgBruB
792,g-regex,false,false,1,744255417,awesome$
837,g-regex,false,false,1,743667542,northwards$
551,e-sub-trigram,true,false,14619,743400625,<=
586,e-sub-trigram,true,false,47838,741707875,{}
570,e-sub-trigram,true,false,41039,741647374,[]
568,e-sub-trigram,true,false,4240,740750084,YA
562,e-sub-trigram,true,false,2548,740733457,H5
807,g-regex,false,false,1273,740198375,e.terprise
561,e-sub-trigram,true,false,17510,735889418,Ei
542,e-sub-trigram,true,false,39652,734372124,){
554,e-sub-trigram,true,false,41277,731912708,>=
567,e-sub-trigram,true,false,3101,725130125,Uv
993,i-unicode,true,false,18,718764125,Σ
991,i-unicode,true,false,273,705010624,©
564,e-sub-trigram,true,false,46105,698330710,MA
769,g-regex,false,false,28,696797793,^[\t ]*avoirdupois
766,g-regex,false,false,1,696288832,^[\t ]*appraisees
571,e-sub-trigram,true,false,9237,687606376,](
992,i-unicode,true,false,2508,686563210,»
565,e-sub-trigram,true,false,5349,681222167,OA
750,g-regex,false,false,87,674947458,\bsnub\b
726,g-regex,false,false,1,667936250,\bDegradation\b
742,g-regex,false,false,238,665589793,\bfounder\b
569,e-sub-trigram,true,false,295789,664919333,Z
847,g-regex,false,false,0,655487751,platiest$
785,g-regex,false,false,64,653107834,a.horre
746,g-regex,false,false,8,650065083,\blegalworking\b
566,e-sub-trigram,true,false,331734,648522336,Q
747,g-regex,false,false,28,643128250,\bnodeDepth\b
752,g-regex,false,false,9,641420668,\bviewData\b
894,h-case-insensitive,true,true,187,630641875,H31
794,g-regex,false,false,0,628266501,boning.*pentahedra
664,g-regex,false,false,68,627623748,F.exAlign
751,g-regex,false,false,1,625014791,\bvalidities\b
588,e-sub-trigram,true,false,164367,623183876,~
262,b-rare-literal,true,false,58,609581792,compassing
855,g-regex,false,false,0,606953082,stackDepth$
858,g-regex,false,false,31,591300001,t.pcities
839,g-regex,false,false,0,588568458,occurSession$
639,g-regex,false,false,0,584068375,Ascoli.*ullar
748,g-regex,false,false,683,582869458,\bpowerful\b
826,g-regex,false,false,170,577707833,k.ytab
772,g-regex,false,false,6,575000041,^[\t ]*dgpg
706,g-regex,false,false,5,572207042,\b(EACUsB|EAAKiK)\b
793,g-regex,false,false,39,565427834,benefit$
261,b-rare-literal,true,false,3,563756958,compacter
851,g-regex,false,false,0,563066458,rtDivider.*classnames
774,g-regex,false,false,0,558920251,^[\t ]*gearmanjob
814,g-regex,false,false,7,558098458,gip$
961,h-case-insensitive,true,true,12,557078375,phone_number_throttle_id
738,g-regex,false,false,1,554376208,\bbanjoist\b
693,g-regex,false,false,0,551820501,Stride.*closer
644,g-regex,false,false,21,539464958,C.AtC
804,g-regex,false,false,0,537549874,domNode$
779,g-regex,false,false,1,531024335,^[\t ]*quelo
868,g-regex,false,false,0,526684625,yerais.*War
815,g-regex,false,false,0,522692250,globigerinae$
780,g-regex,false,false,8,518456542,^[\t ]*sdb
862,g-regex,false,false,6,508808376,uuid$
775,g-regex,false,false,0,504518917,^[\t ]*gpgp
694,g-regex,false,false,0,498277584,StringRepeat.*setCost
755,g-regex,false,false,1,496638875,^[\t ]*Bacardi
685,g-regex,false,false,1,495396165,Q.ASuL
753,g-regex,false,false,20,494132042,^[\t ]*AccountLog
846,g-regex,false,false,0,489713334,pkgExists$
849,g-regex,false,false,0,488273793,qrandset$
806,g-regex,false,false,7,486600460,e.gineMock
695,g-regex,false,false,0,484693123,StripAccents.*daughter
859,g-regex,false,false,0,479538167,temela.*sbMissed
730,g-regex,false,false,2,479123292,\bLoski\b
776,g-regex,false,false,0,477324958,^[\t ]*innerTbl
864,g-regex,false,false,0,474932082,whammed.*OrdinalMeta
736,g-regex,false,false,2,473592209,\bSplitWord\b
842,g-regex,false,false,9,465670583,p.ymentInfos
813,g-regex,false,false,0,463354957,fsfreeze.*exhales
649,g-regex,false,false,0,460914125,Cuneo.*deltaEnd
635,g-regex,false,false,0,460448042,Abbaubarkeit$
645,g-regex,false,false,1,458794251,C.CjBogB
692,g-regex,false,false,0,458595499,Sabieh$
960,h-case-insensitive,true,true,3,454954167,pending_domains
770,g-regex,false,false,4,449277040,^[\t ]*bLookup
725,g-regex,false,false,1,447424082,\bBrechttext\b
680,g-regex,false,false,2,437322834,LibraryPage$
756,g-regex,false,false,894,433689750,^[\t ]*Birmingham
631,f-high-frequency,true,false,603991,431714248,var
646,g-regex,false,false,2,431663250,C.GzBrE
759,g-regex,false,false,0,431130708,^[\t ]*EmitterNode
771,g-regex,false,false,0,425510584,^[\t ]*countryFlag
656,g-regex,false,false,0,423710376,EAAQuiC.*TicketID
735,g-regex,false,false,2,416924791,\bSAAAmE\b
802,g-regex,false,false,0,415684958,"digitate[(){};,]"
662,g-regex,false,false,0,413980459,EiErpQM.*EAAMuI
672,g-regex,false,false,0,410979249,Gurmukhi$
676,g-regex,false,false,0,409976916,IACpCw$
778,g-regex,false,false,0,409763667,^[\t ]*paypalError
765,g-regex,false,false,21,406124709,^[\t ]*IncludeItems
773,g-regex,false,false,0,405794374,^[\t ]*fromEntries
647,g-regex,false,false,1125,405577916,C.MMIT
697,g-regex,false,false,0,400754333,UNICODE$
602,f-high-frequency,true,false,682890,395508832,and
944,h-case-insensitive,true,true,3,395237916,h363q28
699,g-regex,false,false,3,390233791,W.CtBC
763,g-regex,false,false,0,389823875,^[\t ]*IACnBE
689,g-regex,false,false,0,388747291,REDEFINITION$
678,g-regex,false,false,0,386099124,IAGlEsF.*isProto
870,h-case-insensitive,true,true,2,385979624,A4Br9FA
737,g-regex,false,false,1096,383153624,\bUSAGE\b
760,g-regex,false,false,0,382225459,^[\t ]*GADCC
754,g-regex,false,false,0,373251875,^[\t ]*AwBhrEI
627,f-high-frequency,true,false,559692,369041668,the
789,g-regex,false,false,0,367347041,agreste[ \t]
848,g-regex,false,false,18,364174833,"political[(){};,]"
853,g-regex,false,false,0,353385249,"searchtype[(){};,]"
938,h-case-insensitive,true,true,5,323326583,external_url
856,g-regex,false,false,0,318606416,"submittable[(){};,]"
840,g-regex,false,false,0,308736668,"ommited[(){};,]"
666,g-regex,false,false,0,306270292,GAAP$
637,g-regex,false,false,0,303703667,"Andernach[(){};,]"
798,g-regex,false,false,7,294556251,catena[ \t]
665,g-regex,false,false,2,267153333,"Flowers[(){};,]"
983,h-case-insensitive,true,true,9,263528917,zone_domains_tld_company
636,g-regex,false,false,0,259897833,AllVersions.*EAAOtM
829,g-regex,false,false,0,258299417,"lexically[(){};,]"
810,g-regex,false,false,0,252706374,etreeplot[ \t]
811,g-regex,false,false,1,242672791,existingSort[ \t]
940,h-case-insensitive,true,true,6,223675251,first_name_word_flag
612,f-high-frequency,true,false,427707,223021209,for
838,g-regex,false,false,2,222026625,nsche[ \t]
857,g-regex,false,false,12,220423460,"superCall[(){};,]"
931,h-case-insensitive,true,true,2,214799626,cAG9D
107,a-common-literal,true,false,257670,207821416,function
828,g-regex,false,false,0,198969875,"lessLink[(){};,]"
787,g-regex,false,false,0,197524875,"accoucheur[(){};,]"
976,h-case-insensitive,true,true,6,191580083,to_linkid
484,d-metachar-literal,true,false,6,185251750,AlAbbasiFamily.com
928,h-case-insensitive,true,true,15,179896041,baffin_island
913,h-case-insensitive,true,true,33,177219209,_authContext
139,a-common-literal,true,false,259689,175564959,return
619,f-high-frequency,true,false,252051,173732916,new
490,d-metachar-literal,true,false,2,171552416,KingsOfRnb.com
761,g-regex,false,false,0,171199751,^[\t ]*IAAG
727,g-regex,false,false,6,166341127,\bEAAUM\b
821,g-regex,false,false,295,161229959,"iece[(){};,]"
788,g-regex,false,false,0,159777208,"afflict[(){};,]"
861,g-regex,false,false,0,156342251,tyros.*SAAUlC
800,g-regex,false,false,6,155585043,cliquish[ \t]
953,h-case-insensitive,true,true,56,150898749,magic_quotes_runtime
733,g-regex,false,false,4,147943125,\bOPENQUERY\b
762,g-regex,false,false,0,140366251,^[\t ]*IAAKhN
915,h-case-insensitive,true,true,313,138511501,_weight
648,g-regex,false,false,56,136615874,Captain[ \t]
145,a-common-literal,true,false,157302,134833334,string
824,g-regex,false,false,0,132958542,"isReal[(){};,]"
795,g-regex,false,false,6,124203625,brumous[ \t]
86,a-common-literal,true,false,136982,119289375,class
914,h-case-insensitive,true,true,12,112283375,_meridiemParse
830,g-regex,false,false,122,109290709,loyalty[ \t]
135,a-common-literal,true,false,141205,91531415,public
836,g-regex,false,false,48,84766375,"nFor[(){};,]"
674,g-regex,false,false,14,76129375,"IAASA[(){};,]"
818,g-regex,false,false,11,76116376,hrspacer[ \t]
9,a-common-literal,true,false,12,75174998,DnsElement
937,h-case-insensitive,true,true,8,69497791,event_buffer_fd_set
654,g-regex,false,false,3,68646542,"EAAMlP[(){};,]"
668,g-regex,false,false,15,68405418,"GAASD[(){};,]"
655,g-regex,false,false,4,67992416,"EAAOxgB[(){};,]"
88,a-common-literal,true,false,438,66395916,conditioning
398,c-phrase-literal,true,false,10,61320833,if stream_option
854,g-regex,false,false,19,58560917,srv[ \t]
790,g-regex,false,false,0,58553042,"ahchoo[(){};,]"
834,g-regex,false,false,0,54200125,macroEnabled[ \t]
127,a-common-literal,true,false,12,49049291,num2fraction
112,a-common-literal,true,false,50924,48703459,import
799,g-regex,false,false,28,48679084,"ccb[(){};,]"
227,b-rare-literal,true,false,1,48467123,PackedBubbleComposition
623,f-high-frequency,true,false,152,46639040,parseExpectedExpression
659,g-regex,false,false,1,46380833,"EAAkBhI[(){};,]"
690,g-regex,false,false,3,46245125,"SAAUnoB[(){};,]"
526,d-metachar-literal,true,false,73378,44764207,to.
352,c-phrase-literal,true,false,1,44399332,ProGet Version
650,g-regex,false,false,0,42404543,Dativobjekt[ \t]
148,a-common-literal,true,false,293,41852585,terrorism
55,a-common-literal,true,false,12,38881667,TokenException
239,b-rare-literal,true,false,1,37833376,TryGetOriginalException
325,c-phrase-literal,true,false,4,37058750,Error handleing
34,a-common-literal,true,false,8,36631167,LoadUrlForwarding
956,h-case-insensitive,true,true,4,36324834,mysql_user_system
417,c-phrase-literal,true,false,800,35732958,var next_indent
114,a-common-literal,true,false,136,34813417,instrumentation
701,g-regex,false,false,16,34078668,XmlMode[ \t]
266,b-rare-literal,true,false,3,33664125,dataGrouping
524,d-metachar-literal,true,false,1900,32552457,this.$outdent
529,d-metachar-literal,true,false,492,31845667,window.location
89,a-common-literal,true,false,6,31324499,consul_target
414,c-phrase-literal,true,false,31590,30975750,to the
416,c-phrase-literal,true,false,38000,30248916,using System
81,a-common-literal,true,false,3,29879666,bookmark_edit_name
817,g-regex,false,false,0,29655417,hdml[ \t]
589,f-high-frequency,true,false,776,29466626,Ascending
638,g-regex,false,false,0,29002292,Apotheke.*EiEpqPM
6,a-common-literal,true,false,7,27725958,CAAChL
617,f-high-frequency,true,false,23,27716666,loginCount
387,c-phrase-literal,true,false,10,27505458,execute partition
235,b-rare-literal,true,false,258,27491959,Remembering
333,c-phrase-literal,true,false,76,27369249,IF p_function
1,a-common-literal,true,false,4,26376873,Abgang
394,c-phrase-literal,true,false,7,25541459,if mariadb_version
90,a-common-literal,true,false,27,25024083,contan
605,f-high-frequency,true,false,1643,23372752,cflocation
143,a-common-literal,true,false,79,23259876,seriesGroup
522,d-metachar-literal,true,false,14,23079792,round((select
835,g-regex,false,false,0,22869709,mystify.*SAAiBC
87,a-common-literal,true,false,27,22714293,concernedly
361,c-phrase-literal,true,false,7,22343582,Stream the
669,g-regex,false,false,0,22197501,GAAYrvB.*rightful
609,f-high-frequency,true,false,53,22074334,esDocument
495,d-metachar-literal,true,false,30669,21902249,[0]
102,a-common-literal,true,false,518,21769541,educate
365,c-phrase-literal,true,false,46173,21745043,VALUES LESS
591,f-high-frequency,true,false,15168,21646249,Daily
408,c-phrase-literal,true,false,7801,21462542,return null
435,d-metachar-literal,true,false,3,21404042,$PartitionInfoFile
675,g-regex,false,false,21,21380500,"IACR[(){};,]"
679,g-regex,false,false,3,20586124,"KAAWoQ[(){};,]"
2,a-common-literal,true,false,9,19958625,AdminBetaCode
19,a-common-literal,true,false,10,19575917,FormatterName
472,d-metachar-literal,true,false,42622,19488374,/*!50003
265,b-rare-literal,true,false,6,19445208,ctela
590,f-high-frequency,true,false,869,19427209,Braintree
142,a-common-literal,true,false,3,19362374,secondCaptain
213,b-rare-literal,true,false,1,19312749,HtmlGifTransparent
269,b-rare-literal,true,false,80,18866874,estibot_droplist_ea
43,a-common-literal,true,false,15,18442208,PricePerAdditionalServer
25,a-common-literal,true,false,2,17971043,HasGoDaddyPermissions
259,b-rare-literal,true,false,28,17499540,chauvinistic
82,a-common-literal,true,false,3,17484124,boss_spoke
599,f-high-frequency,true,false,91,17473084,SelectElement
629,f-high-frequency,true,false,142,17186459,tickPositions
7,a-common-literal,true,false,16,16501126,CaptchaFeatureKind
353,c-phrase-literal,true,false,21,16344540,Produce the
91,a-common-literal,true,false,4,16344501,controls_display
393,c-phrase-literal,true,false,87,16304209,if int
13,a-common-literal,true,false,6,16063001,EAAOwsB
373,c-phrase-literal,true,false,5,16054459,class Writer
615,f-high-frequency,true,false,323,16021084,lineNumber
521,d-metachar-literal,true,false,437,15923708,results)
67,a-common-literal,true,false,9,15298874,absorption_indicator
728,g-regex,false,false,4,15284917,\bEAAUxnB\b
263,b-rare-literal,true,false,13,15266083,cretonne
632,f-high-frequency,true,false,12602,15246917,views
330,c-phrase-literal,true,false,2,15204876,FROM vsphere_vm_info_latest
418,c-phrase-literal,true,false,103,15172124,var returnValue
757,g-regex,false,false,0,15086082,^[\t ]*EAAGqB
410,c-phrase-literal,true,false,1,14874167,select volume
603,f-high-frequency,true,false,13592,14291583,bright
20,a-common-literal,true,false,4,14171667,GAAMrC
606,f-high-frequency,true,false,53,14066293,dLogDate
507,d-metachar-literal,true,false,8,13823833,date('1900-01-01')
489,d-metachar-literal,true,false,5434,13787750,Directory.
122,a-common-literal,true,false,19,13760419,maestri
151,a-common-literal,true,false,37,13753958,transformOrigin
96,a-common-literal,true,false,8,13711834,date_ge_timestamptz
492,d-metachar-literal,true,false,62,13622042,Partitions.
405,c-phrase-literal,true,false,16385,13606835,public class
607,f-high-frequency,true,false,40,13591001,disableEventListeners
120,a-common-literal,true,false,4,13535834,lines_added
21,a-common-literal,true,false,1,13423957,GAAmB9E
406,c-phrase-literal,true,false,12471,13388666,public int
413,c-phrase-literal,true,false,269,13187001,to manage
126,a-common-literal,true,false,756,13109666,ntida
317,c-phrase-literal,true,false,2,13022334,Copying Files
271,b-rare-literal,true,false,1,12938459,generator_priority
594,f-high-frequency,true,false,6000,12937332,FullBackups
174,b-rare-literal,true,false,1,12913667,Blattspreite
604,f-high-frequency,true,false,97,12885334,caffeine
189,b-rare-literal,true,false,2,12877124,EAAQxvB
652,g-regex,false,false,2,12764290,E.uBE
47,a-common-literal,true,false,48,12723209,Stint
409,c-phrase-literal,true,false,516,12657625,return worker
54,a-common-literal,true,false,42,12415874,TimeSyncService
616,f-high-frequency,true,false,117,12356917,localPath
268,b-rare-literal,true,false,1,12343293,eAAe3U
332,c-phrase-literal,true,false,32,12098001,IF p_file_format
190,b-rare-literal,true,false,2,11915792,EAAStL
614,f-high-frequency,true,false,49,11852625,lastMinute
130,a-common-literal,true,false,10,11732001,output_type
731,g-regex,false,false,3,11503958,\bOAAQic\b
75,a-common-literal,true,false,41,11483333,ashram
513,d-metachar-literal,true,false,9339,11422042,int(10)
523,d-metachar-literal,true,false,1058,11420374,them.
390,c-phrase-literal,true,false,120,11411125,function JSX
359,c-phrase-literal,true,false,1188,11283209,Set the
272,b-rare-literal,true,false,21,11224708,getTranslations
211,b-rare-literal,true,false,5,11090959,GetFabals
256,b-rare-literal,true,false,31,10937625,asperity
446,d-metachar-literal,true,false,393,10809333,$vmName
70,a-common-literal,true,false,11,10785126,activeConfig
511,d-metachar-literal,true,false,21,10783875,group_concat(case
11,a-common-literal,true,false,5,10771293,EAAM3L
133,a-common-literal,true,false,2,10743251,postCreated
401,c-phrase-literal,true,false,11854,10679999,inner join
14,a-common-literal,true,false,3,10664624,EAASxP
625,f-high-frequency,true,false,255,10630460,setMatcher
182,b-rare-literal,true,false,21,10509208,Concetta
370,c-phrase-literal,true,false,54,10494834,button icon
27,a-common-literal,true,false,7,10350833,IAAKE
354,c-phrase-literal,true,false,31,10339875,Put credential
326,c-phrase-literal,true,false,16,10336707,Export partitons
429,d-metachar-literal,true,false,2,10305458,#+$Info.HostName
618,f-high-frequency,true,false,246,10283082,lorDepth
63,a-common-literal,true,false,4,10258917,_regionConfidence
234,b-rare-literal,true,false,1,10256459,RabbitMqData
610,f-high-frequency,true,false,80,10248291,estibot_droplist_cd
633,f-high-frequency,true,false,377,10202664,withdrawal
8,a-common-literal,true,false,9,10155001,ChooseColor
84,a-common-literal,true,false,8,10140334,cairofontweight
293,b-rare-literal,true,false,1,10088833,setTransferTimer
621,f-high-frequency,true,false,96,10037376,openTabstops
395,c-phrase-literal,true,false,8621,9981833,if not
79,a-common-literal,true,false,18,9974960,bgTextureHover
53,a-common-literal,true,false,16369,9914998,Tee
512,d-metachar-literal,true,false,12455,9598958,i++
260,b-rare-literal,true,false,1,9575459,checkbox_starts_with
389,c-phrase-literal,true,false,7,9541751,from optparse
68,a-common-literal,true,false,13,9510376,achromatous
381,c-phrase-literal,true,false,10,9443875,def signal_handler
12,a-common-literal,true,false,5,9392459,EAAO6a
255,b-rare-literal,true,false,2,9273876,applyCascade
137,a-common-literal,true,false,24,9259251,qpress
103,a-common-literal,true,false,8,9252290,eventService
121,a-common-literal,true,false,24,9187707,llGetMaxScaleFactor
377,c-phrase-literal,true,false,5,9182876,def create_checkpoint
10,a-common-literal,true,false,20,9173709,DropCatchSupportEmail
134,a-common-literal,true,false,34,9165791,professionally
100,a-common-literal,true,false,135,9089707,droplist_archive
154,a-common-literal,true,false,19,9018791,wiki_derived_available
99,a-common-literal,true,false,6,8952334,def_timezone
297,b-rare-literal,true,false,1,8943833,test_stop
471,d-metachar-literal,true,false,16,8930959,.d-table-cell
73,a-common-literal,true,false,12,8898668,altruistically
407,c-phrase-literal,true,false,2,8760751,remove credentials
527,d-metachar-literal,true,false,454,8757542,users.
315,c-phrase-literal,true,false,534,8707708,Check if
613,f-high-frequency,true,false,154,8694334,issuer
316,c-phrase-literal,true,false,3747,8644459,Content Include
441,d-metachar-literal,true,false,1496,8608958,$result
682,g-regex,false,false,0,8599874,OAAOuS$
402,c-phrase-literal,true,false,20,8569000,log them
95,a-common-literal,true,false,8,8558833,cubrid_rollback
480,d-metachar-literal,true,false,14327,8475833,=> {
412,c-phrase-literal,true,false,420,8443417,sum of
362,c-phrase-literal,true,false,11,8411791,Tasks for
630,f-high-frequency,true,false,28,8297958,usernameSecret
626,f-high-frequency,true,false,2130,8290166,spell
500,d-metachar-literal,true,false,12,8207875,ansible.builtin.copy:
191,b-rare-literal,true,false,1,8169166,EAAW6J
336,c-phrase-literal,true,false,2,8135834,Output change
758,g-regex,false,false,0,8134667,^[\t ]*EAAKwG
49,a-common-literal,true,false,14,8119708,TLDCount
532,d-metachar-literal,true,false,1279,8014040,|cut
380,c-phrase-literal,true,false,5,7982625,def show_progress
162,b-rare-literal,true,false,1,7952375,AmbiguityMonitor
306,b-rare-literal,true,false,18,7869373,zlas
400,c-phrase-literal,true,false,18,7855792,import datetime
111,a-common-literal,true,false,6,7852292,idx_acctuser
254,b-rare-literal,true,false,2,7846876,alivian
32,a-common-literal,true,false,2845,7787876,Karma
115,a-common-literal,true,false,22,7761375,ip_start
358,c-phrase-literal,true,false,7,7737750,SELECT partition_name
528,d-metachar-literal,true,false,332,7722125,"varchar(255),"
118,a-common-literal,true,false,26,7691083,keepAlive
164,b-rare-literal,true,false,1057,7571208,Arabian
368,c-phrase-literal,true,false,2150,7469958,alter table
658,g-regex,false,false,0,7439000,EAAgBxO[ \t]
803,g-regex,false,false,0,7379044,divTIShow$
534,d-metachar-literal,true,false,4715,7349293,"}}"""
520,d-metachar-literal,true,false,2646,7339749,repository.
28,a-common-literal,true,false,2,7329666,IAAM0xB
46,a-common-literal,true,false,5020,7283959,Schools
525,d-metachar-literal,true,false,15,7223916,this.pad('{{
278,b-rare-literal,true,false,2,7180458,iguieren
491,d-metachar-literal,true,false,1,7173750,MinId=$StartingID
363,c-phrase-literal,true,false,714,7150542,This will
667,g-regex,false,false,0,7144209,GAAQyU.*admisi
131,a-common-literal,true,false,15,7087583,payment_group_reference
506,d-metachar-literal,true,false,2940,7059416,"cursor.row,"
485,d-metachar-literal,true,false,2,7000500,C:\\temp\\setip.ps1
92,a-common-literal,true,false,62,6970085,corridor
312,c-phrase-literal,true,false,276,6857375,AND table_name
371,c-phrase-literal,true,false,21,6853542,case group_concat
238,b-rare-literal,true,false,3,6817250,SaveWebsiteMonitor
459,d-metachar-literal,true,false,100,6670210,'{print
250,b-rare-literal,true,false,1,6634751,acogolle
620,f-high-frequency,true,false,24,6606834,nonNegativeInteger
420,c-phrase-literal,true,false,44,6501166,would need
138,a-common-literal,true,false,44,6486291,registrar_param_history
628,f-high-frequency,true,false,533,6464666,thousands
470,d-metachar-literal,true,false,240,6436626,.ace-xcode
180,b-rare-literal,true,false,1,6435583,ChineseHongKong
224,b-rare-literal,true,false,1,6425834,MemCount
308,c-phrase-literal,true,false,7,6337040,A procedure
175,b-rare-literal,true,false,1,6304418,Bohlenflo
519,d-metachar-literal,true,false,1501,6269999,record.
300,b-rare-literal,true,false,1,6263583,useraccountid
468,d-metachar-literal,true,false,6,6248665,--user=$MySQLUser
392,c-phrase-literal,true,false,5,6226792,global logger
518,d-metachar-literal,true,false,803,6221584,overflow:hidden;}
124,a-common-literal,true,false,115,6172417,modesty
225,b-rare-literal,true,false,1,6158168,NotePad
150,a-common-literal,true,false,7,6138833,tokenProperties
598,f-high-frequency,true,false,231,6071500,NewId
601,f-high-frequency,true,false,37,6067833,TestScenario
509,d-metachar-literal,true,false,14,5984543,function.</summary>
334,c-phrase-literal,true,false,64,5984292,IF p_type_part
167,b-rare-literal,true,false,2,5965625,AutoDownloadMimeTypes
313,c-phrase-literal,true,false,3,5952291,AND time
386,c-phrase-literal,true,false,5,5876377,elif opts
258,b-rare-literal,true,false,1,5836791,calendarpicker
516,d-metachar-literal,true,false,1583,5817458,module.exports
125,a-common-literal,true,false,95,5787999,nonrepresentational
109,a-common-literal,true,false,4,5776835,hipchat_msg_color
741,g-regex,false,false,2,5744749,\beAsVX\b
149,a-common-literal,true,false,28,5703125,tetrahedron
493,d-metachar-literal,true,false,1920,5596708,System.Text;
253,b-rare-literal,true,false,1,5539624,alcornocal
152,a-common-literal,true,false,6325,5516625,webk
360,c-phrase-literal,true,false,7,5492416,Some generic
93,a-common-literal,true,false,188,5365459,creak
595,f-high-frequency,true,false,40,5339750,HamlHighlightRules
236,b-rare-literal,true,false,1,5322499,RenameSearchComments
661,g-regex,false,false,3,5320792,"ECjCc[(){};,]"
291,b-rare-literal,true,false,1,5288874,radialGradient12636
379,c-phrase-literal,true,false,5,5287206,def get_files
74,a-common-literal,true,false,20,5276626,amazingly
104,a-common-literal,true,false,13,5272833,fl_count
503,d-metachar-literal,true,false,20,5217916,ansible.posix.mount:
56,a-common-literal,true,false,40,5216168,Tomer
281,b-rare-literal,true,false,772,5098377,lichkeit
439,d-metachar-literal,true,false,2,5077375,$TmpDir/Apps.tar
159,b-rare-literal,true,false,1,5045959,Abschwellen
192,b-rare-literal,true,false,1,5035915,EAAW9N
391,c-phrase-literal,true,false,5,4987375,get datadir
264,b-rare-literal,true,false,16,4949333,croaky
622,f-high-frequency,true,false,84,4947165,owned_registrar_id
26,a-common-literal,true,false,9,4938875,IAAIjE
321,c-phrase-literal,true,false,6,4922790,Drop old
45,a-common-literal,true,false,20,4917292,RecaptchaEnterprise
252,b-rare-literal,true,false,3,4890084,afeblec
61,a-common-literal,true,false,8,4872625,_maximumAttachmentSize
3,a-common-literal,true,false,246,4846292,AndExpr
110,a-common-literal,true,false,8,4788001,httpresponse_setetag
865,g-regex,false,false,0,4760583,wheelY.*GACJgkC
161,b-rare-literal,true,false,1,4707958,AddToSetEach
295,b-rare-literal,true,false,1,4704793,stop2625
113,a-common-literal,true,false,29,4671542,inputElements
5,a-common-literal,true,false,60,4663040,BreadCrumb
15,a-common-literal,true,false,1,4597042,EAAmBtC
592,f-high-frequency,true,false,30,4593375,EAAYC
364,c-phrase-literal,true,false,27,4532457,Use examples
282,b-rare-literal,true,false,1,4532209,linearGradient6449
31,a-common-literal,true,false,170,4517624,Kannada
287,b-rare-literal,true,false,36,4495501,nnosla
48,a-common-literal,true,false,7,4474292,StringConversionTests
436,d-metachar-literal,true,false,3,4467958,$Partitions2Archive
350,c-phrase-literal,true,false,2,4452457,PARTITION p_20210201
314,c-phrase-literal,true,false,34,4388582,Add new
244,b-rare-literal,true,false,1,4370249,WindowTop
419,c-phrase-literal,true,false,18,4354418,while not
185,b-rare-literal,true,false,1,4333626,EAAK64B
328,c-phrase-literal,true,false,482,4302375,FROM information_schema
531,d-metachar-literal,true,false,38,4298166,|Out-File
378,c-phrase-literal,true,false,5,4257459,def do_backup_final
193,b-rare-literal,true,false,1,4245084,EAAkBjD
344,c-phrase-literal,true,false,2,4222833,PARTITION p_20201001
517,d-metachar-literal,true,false,7,4213792,"now(utc=False,"
383,c-phrase-literal,true,false,4,4190333,echo  DESTINATION
734,g-regex,false,false,1,4180292,\bQACjBnK\b
85,a-common-literal,true,false,13,4068750,caparisoned
35,a-common-literal,true,false,247,4064374,Lucene
502,d-metachar-literal,true,false,83,4049293,ansible.builtin.file:
442,d-metachar-literal,true,false,418,3987000,$result.changed
355,c-phrase-literal,true,false,14,3956625,Run Sync
72,a-common-literal,true,false,326,3851791,agora
101,a-common-literal,true,false,3,3744292,dwm_add_new
249,b-rare-literal,true,false,1,3732583,accionan
374,c-phrase-literal,true,false,25,3672084,create any
501,d-metachar-literal,true,false,10,3666209,ansible.builtin.fetch:
611,f-high-frequency,true,false,659,3640333,focusout
438,d-metachar-literal,true,false,4,3639917,$SVCFile
430,d-metachar-literal,true,false,545,3526750,$(cat
168,b-rare-literal,true,false,1,3515500,BAACjF
443,d-metachar-literal,true,false,112,3442168,$value
69,a-common-literal,true,false,6,3432208,acipenser_huso
691,g-regex,false,false,0,3396749,SAAyBpG[ \t]
396,c-phrase-literal,true,false,388,3334959,if self
188,b-rare-literal,true,false,2,3320209,EAANnC
397,c-phrase-literal,true,false,5,3286959,if snapshot_dir
123,a-common-literal,true,false,14,3223127,mediastinum
299,b-rare-literal,true,false,8,3195333,upgrade_count
533,d-metachar-literal,true,false,776,3187084,|sed
702,g-regex,false,false,0,3168041,YAAMiC[ \t]
71,a-common-literal,true,false,10,3135542,admin_cc_rep
228,b-rare-literal,true,false,1,3130458,QAAE0rB
475,d-metachar-literal,true,false,4,3125709,10.0.70.0
385,c-phrase-literal,true,false,138,3105251,echo Error
279,b-rare-literal,true,false,1,3104877,jira_affected_user
415,c-phrase-literal,true,false,14,3071375,use tc_mysqlmgmt
537,d-metachar-literal,true,false,42,3052083,}}\\Virtual
608,f-high-frequency,true,false,263,3039959,emmet
78,a-common-literal,true,false,4,3035625,baidu_rank
597,f-high-frequency,true,false,40,3023165,LuceneHighlightRules
338,c-phrase-literal,true,false,2,2975709,PARTITION p_20200610
77,a-common-literal,true,false,89,2968040,avocado
437,d-metachar-literal,true,false,4,2911083,$PemFile
184,b-rare-literal,true,false,1,2887540,EAAEsc
483,d-metachar-literal,true,false,1,2886707,AWS_54.236.126.168;
153,a-common-literal,true,false,3,2878334,whoislog_readonly
141,a-common-literal,true,false,444,2823791,schel
687,g-regex,false,false,1,2800624,"QACrEC[(){};,]"
404,c-phrase-literal,true,false,70,2787708,move them
453,d-metachar-literal,true,false,3,2770416,${TmpDir}/*.out
158,b-rare-literal,true,false,1,2766793,Abarbeitungs
187,b-rare-literal,true,false,1,2761668,EAAMsR
382,c-phrase-literal,true,false,10,2702543,def start_backup
367,c-phrase-literal,true,false,289,2667708,WHERE table_schema
399,c-phrase-literal,true,false,4366,2665085,img src
504,d-metachar-literal,true,false,6,2630625,ansible_ssh_pass={{
403,c-phrase-literal,true,false,149,2539165,loop through
357,c-phrase-literal,true,false,2,2520582,SELECT mean
596,f-high-frequency,true,false,41,2491542,IAAf
186,b-rare-literal,true,false,1,2393709,EAAMlc
515,d-metachar-literal,true,false,2,2378875,"match(""18"")"
221,b-rare-literal,true,false,2,2361126,LaunchConfig
243,b-rare-literal,true,false,1,2358291,Veraguas_10
476,d-metachar-literal,true,false,980,2277334,10.0.80.13
366,c-phrase-literal,true,false,75,2267668,WHERE NOT
241,b-rare-literal,true,false,1,2256084,UnitrendsVMBackup
432,d-metachar-literal,true,false,1280,2234918,$0\n\
428,d-metachar-literal,true,false,4875,2230042,"""{{"
477,d-metachar-literal,true,false,14,2225791,255.0.0.0
83,a-common-literal,true,false,8,2177873,bwperim
216,b-rare-literal,true,false,1,2163124,KAAOyG
172,b-rare-literal,true,false,14,2136542,Bettye
508,d-metachar-literal,true,false,2375,2079707,etc.
426,d-metachar-literal,true,false,204,2066874,""".NET"
284,b-rare-literal,true,false,1,2015459,max_concurrent_requests
206,b-rare-literal,true,false,1,1999834,GAAgBjM
466,d-metachar-literal,true,false,3103,1948750,");"""
94,a-common-literal,true,false,6,1903123,creditCardFee
310,c-phrase-literal,true,false,1378,1887125,ADD PARTITION
223,b-rare-literal,true,false,1,1846126,MAAlCkE
499,d-metachar-literal,true,false,3372,1841083,a.b
40,a-common-literal,true,false,8,1839542,NoSuchFileError
593,f-high-frequency,true,false,2604,1820626,Etc
155,a-common-literal,true,false,9,1805375,zone_domains_tld_aarp
215,b-rare-literal,true,false,4,1789291,IAC3J
331,c-phrase-literal,true,false,2,1727542,Get GTID
62,a-common-literal,true,false,2,1714165,_memCacheKey
207,b-rare-literal,true,false,1,1705584,GAAkBj6B
277,b-rare-literal,true,false,4,1687917,hlungsergebnis
205,b-rare-literal,true,false,1,1687208,GAAI5sB
369,c-phrase-literal,true,false,2,1674041,basic Steps
251,b-rare-literal,true,false,15,1668124,adule
481,d-metachar-literal,true,false,1,1664248,>=a.min_id
384,c-phrase-literal,true,false,64,1659333,echo ERROR
309,c-phrase-literal,true,false,32,1628041,A script
732,g-regex,false,false,1,1612042,\bOACLhF\b
294,b-rare-literal,true,false,4,1580124,sideboxBeige_b
319,c-phrase-literal,true,false,94,1576417,DROP FUNCTION
323,c-phrase-literal,true,false,1574,1569666,END IF
764,g-regex,false,false,0,1569209,^[\t ]*IAuBK
59,a-common-literal,true,false,12,1560416,__zr_style_
469,d-metachar-literal,true,false,1874,1530877,.ForMember(d
340,c-phrase-literal,true,false,2,1517584,PARTITION p_20200804
989,i-unicode,true,false,1,1514959,cluster’s
700,g-regex,false,false,0,1511375,WACtBC$
80,a-common-literal,true,false,443,1510833,birl
346,c-phrase-literal,true,false,2,1496999,PARTITION p_20201022
41,a-common-literal,true,false,3,1490625,OAASjR
22,a-common-literal,true,false,3,1476333,GeoAddAsync
242,b-rare-literal,true,false,1,1449083,Variations_
36,a-common-literal,true,false,3,1427459,MAAMlI
132,a-common-literal,true,false,8,1392541,poly_in
303,b-rare-literal,true,false,7,1379917,v307
729,g-regex,false,false,1,1351540,\bKAGxDsF\b
345,c-phrase-literal,true,false,2,1318291,PARTITION p_20201005
97,a-common-literal,true,false,8,1311085,db2_num_rows
229,b-rare-literal,true,false,2,1257165,QAAIiN
18,a-common-literal,true,false,6,1253334,FieldInferrer
240,b-rare-literal,true,false,1,1246334,UAAWc
166,b-rare-literal,true,false,7,1236417,Auskunft
465,d-metachar-literal,true,false,996,1236167,(x)
327,c-phrase-literal,true,false,20,1126873,FROM day_num
147,a-common-literal,true,false,39,1100458,subscribes
375,c-phrase-literal,true,false,107,1090581,def __init__
376,c-phrase-literal,true,false,5,1090043,def backup_using_wdt
820,g-regex,false,false,0,1083793,iBAGR.*IAUNrG
66,a-common-literal,true,false,2,1070291,abrenunciar
351,c-phrase-literal,true,false,2,1062458,PARTITION p_20210205
64,a-common-literal,true,false,16,1060751,aAAcD
337,c-phrase-literal,true,false,2,1054250,PARTITION p_20200525
320,c-phrase-literal,true,false,125,1044168,DROP TEMPORARY
505,d-metachar-literal,true,false,2148,1042416,a|b
50,a-common-literal,true,false,5,1041668,TclPrdAkTest2
322,c-phrase-literal,true,false,34,1026292,Dynamic mem
136,a-common-literal,true,false,57,1024791,q92
146,a-common-literal,true,false,12,963501,subPixelFix
37,a-common-literal,true,false,3,953460,MAAU2I
478,d-metachar-literal,true,false,3,946957,395.121
987,i-unicode,true,false,4,929084,cadalozlaşmak
425,d-metachar-literal,true,false,713,890207,"""+"""
457,d-metachar-literal,true,false,30,877209,'127.0.0.1'
246,b-rare-literal,true,false,1,845834,YAAsBgF
372,c-phrase-literal,true,false,998,841168,cfelseif u
698,g-regex,false,false,2,833499,W.BzBW
994,i-unicode,true,false,1391,828500,—
342,c-phrase-literal,true,false,2,797833,PARTITION p_20200823
171,b-rare-literal,true,false,1,791501,Bedingtheit
307,b-rare-literal,true,false,2,781250,zonefile_search2
339,c-phrase-literal,true,false,2,759501,PARTITION p_20200730
181,b-rare-literal,true,false,1,753333,Coahuila_07
347,c-phrase-literal,true,false,2,752291,PARTITION p_20201228
214,b-rare-literal,true,false,1,752125,Humacao_069
349,c-phrase-literal,true,false,2,748043,PARTITION p_20201231
226,b-rare-literal,true,false,1,743916,OAAO5f
341,c-phrase-literal,true,false,2,721501,PARTITION p_20200812
464,d-metachar-literal,true,false,661,701999,(SELECT
289,b-rare-literal,true,false,1,701832,p_20180327
98,a-common-literal,true,false,8,669250,dbplus_sql
348,c-phrase-literal,true,false,2,669083,PARTITION p_20201230
170,b-rare-literal,true,false,404,667749,BCD
530,d-metachar-literal,true,false,52,637584,{role:
388,c-phrase-literal,true,false,8,623669,flush logs
52,a-common-literal,true,false,6,611960,TclPrdWebNb11
248,b-rare-literal,true,false,35,585167,a108
343,c-phrase-literal,true,false,2,582625,PARTITION p_20200927
290,b-rare-literal,true,false,1,575914,p_20180811
460,d-metachar-literal,true,false,726,552249,'{{
163,b-rare-literal,true,false,1,529417,Ana_M3
4,a-common-literal,true,false,8,523584,B83426
624,f-high-frequency,true,false,47,516833,pgba
474,d-metachar-literal,true,false,5,506168,/tmp/trigger_alert.sh
140,a-common-literal,true,false,9,478376,ruthlessly
444,d-metachar-literal,true,false,34,461376,$vmMemoryMax
194,b-rare-literal,true,false,1,452165,EACH1C
535,d-metachar-literal,true,false,216,447042,"}}"","
51,a-common-literal,true,false,8,428874,TclPrdDbNb7
324,c-phrase-literal,true,false,71,426666,EXECUTE sql_statement1
219,b-rare-literal,true,false,5,420376,L383
487,d-metachar-literal,true,false,80,416251,"DATE),"
445,d-metachar-literal,true,false,85,414293,$vmMinMem
16,a-common-literal,true,false,3,412749,EACJ8lB
479,d-metachar-literal,true,false,4,402291,4.414.943
311,c-phrase-literal,true,false,22,394208,AND DATE_ADD
60,a-common-literal,true,false,10,390000,_goodBad
195,b-rare-literal,true,false,1,388835,EACpB4M
703,g-regex,false,false,0,382833,"YPS[(){};,]"
273,b-rare-literal,true,false,2,379959,govalue_avg
996,i-unicode,true,false,442,379709,→
486,d-metachar-literal,true,false,213,379248,CAST(
33,a-common-literal,true,false,107,376458,KtB
434,d-metachar-literal,true,false,6,366251,$OutputVmDisk
677,g-regex,false,false,0,358624,IAEvC[ \t]
29,a-common-literal,true,false,2,345417,KACbkB
514,d-metachar-literal,true,false,3,344876,ip_addr)
488,d-metachar-literal,true,false,80,341208,DATE_ADD(CAST(
329,c-phrase-literal,true,false,16,340998,FROM month_no
688,g-regex,false,false,0,339582,QADgC[ \t]
179,b-rare-literal,true,false,2,338000,Cabrayil
165,b-rare-literal,true,false,1,328291,ArabicUAE
208,b-rare-literal,true,false,1,323749,GACtB2M
356,c-phrase-literal,true,false,36,307915,SELECT g
44,a-common-literal,true,false,3,306167,QIZrnhueC1W0gYlDEeaPr
218,b-rare-literal,true,false,1,297499,Kong_08
76,a-common-literal,true,false,57,291874,avg_us
23,a-common-literal,true,false,7,287335,H346
108,a-common-literal,true,false,4,282540,godaddy_picksheet2_
257,b-rare-literal,true,false,96,280208,bpg
496,d-metachar-literal,true,false,105,271290,[openbsd]
536,d-metachar-literal,true,false,9,257834,"}}/files/s3cfg.txt"""
318,c-phrase-literal,true,false,87,256792,DEALLOCATE PREPARE
427,d-metachar-literal,true,false,1,255458,"""</host:addr>""))}"
458,d-metachar-literal,true,false,63,249167,'\n';
288,b-rare-literal,true,false,7,247292,p990
463,d-metachar-literal,true,false,226,242791,(//
117,a-common-literal,true,false,120,240790,jpn
128,a-common-literal,true,false,4,229626,oBAAuC
233,b-rare-literal,true,false,1,221291,QAENrd
178,b-rare-literal,true,false,1,217915,CACE5V
177,b-rare-literal,true,false,1,216584,CAC3C3oB
473,d-metachar-literal,true,false,18,215792,/root/.s3cfg
450,d-metachar-literal,true,false,2,213875,"${PartitionDays},60,"
292,b-rare-literal,true,false,3,195541,s3sxcCLjJfsBi
449,d-metachar-literal,true,false,24,194667,${OutFile}.txt
424,d-metachar-literal,true,false,3,191124,"""${hostname}"
296,b-rare-literal,true,false,1,189292,tclstgwebdc3
448,d-metachar-literal,true,false,64,188209,${KeyFile}
988,i-unicode,true,false,21,184207,café
0,a-common-literal,true,false,5,180792,AWS1
231,b-rare-literal,true,false,1,174749,QACMiI
494,d-metachar-literal,true,false,1,173917,"Uncompress(lz4),"
17,a-common-literal,true,false,2,173373,EjEujRzE
411,c-phrase-literal,true,false,18,167916,sudo mv
423,d-metachar-literal,true,false,33,163667,"""${SSH_Opts[@]}"""
447,d-metachar-literal,true,false,47,161167,${ExportFile}
217,b-rare-literal,true,false,1,161125,KAG9BC
431,d-metachar-literal,true,false,14,155708,$(date):
169,b-rare-literal,true,false,2,155500,BAClBH
600,f-high-frequency,true,false,40,153001,T_IS_IDENTICAL
275,b-rare-literal,true,false,20,152707,h1K
38,a-common-literal,true,false,3,151626,MAEEuF
237,b-rare-literal,true,false,1,150417,SD_PULL_REQUEST
119,a-common-literal,true,false,8,149999,la_pd
209,b-rare-literal,true,false,1,148667,GAGRl8B
230,b-rare-literal,true,false,1,143875,QAC9BvW
301,b-rare-literal,true,false,1,137292,v0v1v0v0v30v0c0
116,a-common-literal,true,false,47,132710,jdK
270,b-rare-literal,true,false,1,130293,gCA2KyC
222,b-rare-literal,true,false,43,127041,M84
232,b-rare-literal,true,false,1,126790,QACR1I
212,b-rare-literal,true,false,1,125207,Haouz_47
276,b-rare-literal,true,false,1,119332,hfMainPaymentInfoId
39,a-common-literal,true,false,2,116750,MAIlEgX
105,a-common-literal,true,false,9,115710,fpcrj9c3d
157,b-rare-literal,true,false,5,114878,A9B8
156,b-rare-literal,true,false,2,114792,A8BrsGA
482,d-metachar-literal,true,false,35,108043,@v_base_sql=CONCAT(
202,b-rare-literal,true,false,2,107834,EjE42OzE
510,d-metachar-literal,true,false,69,106042,g.*
451,d-metachar-literal,true,false,21,105875,${PartitionList})
57,a-common-literal,true,false,2,103209,UACpBmD
422,d-metachar-literal,true,false,18,101124,"""${DataDir}"
335,c-phrase-literal,true,false,6,100958,MSCK REPAIR
456,d-metachar-literal,true,false,21,98416,'%Y')
440,d-metachar-literal,true,false,1,97707,$TmpDir/Apps.tar;
129,a-common-literal,true,false,4,96417,oOCtoJ3F17kglZC
210,b-rare-literal,true,false,3,95083,Gdoa
196,b-rare-literal,true,false,1,93501,EAGpCc
286,b-rare-literal,true,false,1,93083,nJIWqRsvU3yP8Mcg
285,b-rare-literal,true,false,0,92458,moedexRareNeedle42
106,a-common-literal,true,false,8,92334,fprem1
452,d-metachar-literal,true,false,3,88710,${PartitionList}|
995,i-unicode,true,false,4,88667,“SYNC
247,b-rare-literal,true,false,0,85166,ZZUNIQUEDUPTOKEN
304,b-rare-literal,true,false,5,84333,v7a_916f
302,b-rare-literal,true,false,1,84332,v0v97c0
245,b-rare-literal,true,false,1,83835,Xocali_64
305,b-rare-literal,true,false,14,83168,zM78
467,d-metachar-literal,true,false,1,82542,--host=${db_master}<<EOQ
421,d-metachar-literal,true,false,1,82416,"""$TableInfo"""
42,a-common-literal,true,false,3,80709,OAENxoB
30,a-common-literal,true,false,2,79918,KAE9B5C
280,b-rare-literal,true,false,1,75792,kGxCvP03g8M1Mw0rkmuPe
144,a-common-literal,true,false,10,74332,sgbs
283,b-rare-literal,true,false,1,74124,lkFFpdVDw
198,b-rare-literal,true,false,2,72417,EgCzjHG
24,a-common-literal,true,false,13,71459,H96C42
990,i-unicode,true,false,5,70291,naïve
298,b-rare-literal,true,false,1,69749,uEAGPV
200,b-rare-literal,true,false,2,69250,EiE7hPM
65,a-common-literal,true,false,3,69166,aACnC5H
176,b-rare-literal,true,false,1,68999,CA8DGzC
462,d-metachar-literal,true,false,1,68794,($app)
461,d-metachar-literal,true,false,5,68500,($IsVmRunningTmp
173,b-rare-literal,true,false,2,65208,BjC2G4D
201,b-rare-literal,true,false,2,64040,EjE0vRzE
274,b-rare-literal,true,false,1,63748,h0a2
199,b-rare-literal,true,false,2,61626,EiE5oSM
197,b-rare-literal,true,false,2,61167,EAH7B
160,b-rare-literal,true,false,2,60084,Ad8lLrC
498,d-metachar-literal,true,false,4,58501,"]*$"""
267,b-rare-literal,true,false,1,57626,e4idxNP4K3RWAACA1YUtOg4e
183,b-rare-literal,true,false,2,47457,E4BnBf
433,d-metachar-literal,true,false,1,44167,$ArchiveData2Db
58,a-common-literal,true,false,5,43417,YtOq
203,b-rare-literal,true,false,3,43375,FNRm
999,i-unicode,true,false,2,41875,
220,b-rare-literal,true,false,1,41750,LYjwsIyHBI
455,d-metachar-literal,true,false,8,36623,"'""[^""]*""'"
997,i-unicode,true,false,7,34292,☃
204,b-rare-literal,true,false,1,34085,FwDg5ohU6Utp6wtpawNj7wq
998,i-unicode,true,false,0,32458,你好
454,d-metachar-literal,true,false,2,29792,"${UseMem}"""
